000000004118 | Bitcoin-Apps 2026ďĽš Trade Republic vs. Bitpanda, Bison & Co | httpsďĽšâ§¸â§¸www.youtube.comâ§¸watchďĽźv=qZz7X3rGIq8
000000024595 | Can you afford a childďĽź All costs calculated. | httpsďĽšâ§¸â§¸www.youtube.comâ§¸watchďĽźv=K2KHeqi3zRQ
000000023286 | Wann zahlt die BU nichtďĽź | httpsďĽšâ§¸â§¸www.youtube.comâ§¸watchďĽźv=AgmTtW4OEho
000000038970 | Waren Immobilien frĂĽher wirklich gĂĽnstigerďĽź | httpsďĽšâ§¸â§¸www.youtube.comâ§¸watchďĽźv=gcVrDdtsMnw
000000039139 | Can your investment be too safeďĽź ď˝ś Saidi's Two-Fans | httpsďĽšâ§¸â§¸www.youtube.comâ§¸watchďĽźv=GO_7uLae3Iw
000000042915 | Breaking NewsďĽš Bessere FĂ¶rderung fĂĽrs AV-Depot (#289) | httpsďĽšâ§¸â§¸www.youtube.comâ§¸watchďĽźv=OvM0WmGPvjo
000000120785 | Cost trap with retirement savings accountsďĽš Here's why you need to act now | httpsďĽšâ§¸â§¸www.youtube.comâ§¸watchďĽźv=en6bCksGC7E
000000014340 | Savings, ETFs, pensionsďĽš Answers to the most important money questions of young people | httpsďĽšâ§¸â§¸www.youtube.comâ§¸watchďĽźv=t0OQxcZjMpU
000000036099 | Retirement savings accountďĽš This is the catch | httpsďĽšâ§¸â§¸www.youtube.comâ§¸watchďĽźv=L0yBD7BfsZE
000000122353 | No more money for solar power from 2027ďĽš Photovoltaics without feed-in tariffs = losing propositionďĽź | httpsďĽšâ§¸â§¸www.youtube.comâ§¸watchďĽźv=Jz1yrIlsb3M
